url29ae058134_yuriy_chumak_jatha_tgz-pJ8-org_jatha_LispJ8,176
url9d32402837_dusan_rychnovsky_chess_endgames_tgz-pJ8-cz_dusanrychnovsky_chessendgames_core_strategies_PrecomputedValuesJ8,47
url0067cdd33d_goldolphin_Mi_tgz-pJ8-mi_regex_CommonJ8,189
url3ee04818e8_abliss_poker_tgz-pJ8-TestJ8,25
url708d477f92_zSakare_SENG3011_tgz-pJ8-test_runner_TestRunnerJ8,34
url47e6aca666_pocorall_automaton_tgz-pJ8-net_pocorall_automaton_DatatypesJ8,32
url7a45f192ca_mfullen_ping_pong_net_tgz-pJ8-ping_pong_net_client_io_TestClientNonPPNServerJ8,154
url61db808cfe_ctriposs_bigcache_tgz-pJ8-com_ctriposs_bigcache_BigCacheStressTestJ8,56
url9d1719148e_mrqsdavi_pegmachine_tgz-pJ8-peg_RegexJ8,51
url46a88cc932_toby1984_tinyc_tgz-pJ8-de_codesourcery_dcpu16_compiler_CompilerJ8,163
url027b37a4db_ctriposs_bigmap_tgz-pJ8-com_ctriposs_bigmap_LimitTestJ8,39
url0e7d57473a_kyorohiro_HetimaUtil_tgz-pJ8-net_hetimatan_net_http_HttpServer3xxJ8,109
url58b12a0c74_tatianaslod_daooTP_tgz-pJ8-tp1_MainTp1J8,61
url8d1df200a8_gilleain_signatures_tgz-pJ8-signature_chemistry_LargeMoleculeTestJ8,91
urlb5d5be4365_abmargb_oursim_ext_tgz-pJ8-br_edu_ufcg_lsd_oursim_experiments_RemoteNoFScenarioGeneratorJ8,210
url58e9ba4d92_novokrest_DrunkardGame_tgz-pJ8-DrunkardGame_MainJ8,48
url65a69497a4_sweider_BankSystem_JavaLab8_tgz-pJ8-banksystem_lab4_LauncherJ8,29
url64700e9ab7_dwicke_course_scheduler_tgz-pJ8-org_json_TestJ8,116
url6f34cc586e_mekku93_sxl_interpreter_repl_tgz-pJ8-com_miguel_sxl_SXLJ8,83
url97a7a8bbec_PPilger_OOP_2_tgz-pJ8-TestJ8,35
urld558a3d988_gao715108023_resourceMonitor_tgz-pJ8-com_sinopec_agent_AgentJ8,48
url0f7f8f6435_TimmiTBy_Epam_tgz-pJ8-com_epam_electricalappliance_RunnerJ8,17
url587829ef81_champdavis_KhovanovHomology_tgz-pJ8-KhovanovMapJ8,19
urld025f21ac3_mvattipulusu_Innovation2013_tgz-pJ8-com_usps_data_ManifestFileTestJ8,68
url8d3c4d17f5_catseye_JaC64_tgz-pJ8-JaC64J8,92
url6dc6a3bff8_JasonxJiang_PokemonEvolutionaryAlgorithm_tgz-pJ8-ee_ea_pkg1_EEEA1J8,85
url3010dbde70_nbartlett_Sequence_Memoizer_tgz-pJ8-edu_columbia_stat_wood_pub_sequencememoizer_IntSequenceMemoizerJ8,35
url78f6619d18_IntersectAustralia_rifcs_tgz-pJ8-org_ands_rifcs_example_SampleRIFCSBuildCollectionJ8,48
urlcdd0c1ab49_emiln_JHouseFireExplorer_tgz-pJ8-dk_brics_automaton_DatatypesJ8,51
url39209c0557_au_research_ANDS_RIFCS_API_tgz-pJ8-org_ands_rifcs_example_SampleRIFCSBuildCollectionV1Dot6Number1J8,60
urlfaa9045c2e_Azmisov_racko_ai_tgz-pJ8-client_TestingJ8,50
url47af6b1535_rolandotr_db_comparison_tgz-pJ8-methodology_HistoryJ8,65
url4df616fce9_s3e0n1g1_prototype3_tgz-pJ8-Trading_Engine_MainJ8,55
url74761fd9a6_cstriker1407_design_pattern_tgz-pJ8-yeah_cstriker1407_design_patterns_MainJ8,82
urldeb33fd2fa_friedemann_distripedia_tgz-pJ8-org_json_TestJ8,92
url36deadcd05_SCass1986_spawncamping_cyril_tgz-pJ8-org_stephen_hashmap_MainJ8,29
url6f0c51b1b4_TheFakeMontyOnTheRun_open688_tgz-pJ8-br_odb_open688_app_Open688ServerJ8,57
url0c7746c72b_wsuetholz_DiscountStrategy_tgz-pJ8-net_suetholz_pos_MainJ8,35
urld5c972ef81_noxx90_jflam_tgz-pJ8-fr_noxx90_jflam_BenchmarkJ8,23
urlfeea716362_ymnk_jzlib_tgz-pJ8-test_large_deflate_inflateJ8,33
url063b9533f6_karlney_tetris_ai_tgz-pJ8-karlney_tetris_cmd_TetrisGameRunnerJ8,43
urldd9e4ada6f_kirillF_sample_jenkins_project_tgz-pJ8-com_bigfatplayer_hello_AppJ8,71
url866860ad1a_forax_lambda_perf_tgz-pJ8-perf_TestJ8,97
url73e3057d61_empeeoh_BACnet4J_tgz-pJ8-com_serotonin_bacnet4j_test_OverflowTestJ8,391
url284ba87ea1_swabhs_forbidden_paths_tgz-pJ8-tagging_hypergraph_TaggingHypergraphGeneratorJ8,43
url52422c4052_AtorVdm_Patterns_tgz-pJ8-patterns_MainJ8,135
urlaa914a1de2_xu_hao_erilex_tgz-pJ8-erilex_esl_ESLJ8,123
url89cafed56a_AlexDiru_esper_compiler_final_tgz-pJ8-compiler_ProgramJ8,31
url901cc5721b_shidasan_KonohaCoffee_tgz-pJ8-org_KonohaScript_KonohaJ8,57
urlb879d9e865_ogotalski_elevator_tgz-pJ8-ElevatorTaskJ8,30
url6544f14c72_charles_d_burton_java_websocket_example_tgz-pJ8-minewebsocket_MineWebSocketJ8,66
urlc7e4b8c1f2_normchan_craps_simulator_tgz-pJ8-normchan_crapssim_SimulatorJ8,67
url8012c8d031_dmbb966_BBMS_tgz-pJ8-testbed_JNEATtestJ8,255
urlb3290c8e9e_craigonic_jasl_tgz-pJ8-DriverJ8,41
urldec84b8592_pcpratts_git_bisect_lab_tgz-pJ8-edu_syr_bytecast_interp_amd64_AMD64ExecutionEngineJ8,40
url9d04094941_petermikitsh_PizzaDeliverySystem_tgz-pJ8-testdrivers_ManagerReportTestDriverJ8,210
url9e7e48285f_nalbachk_MidiToPhaseShift_tgz-pJ8-com_my_main_MainJ8,34
urld0f681c558_farom57_AstroidDriver_tgz-pJ8-laazotea_indi_server_examples_MinimumINDIServerJ8,79
urldae1c57e59_mustafaakin_izuna_mapeditor_tgz-pJ8-in_mustafaak_izuna_actions_ActionTestJ8,33
urlae87f3aacb_kamanov_Drunkard_tgz-pJ8-ru_spbau_amanov_drunkard_ApplicationJ8,25
url2e4fca7217_mark_lacdao_RPGClient_tgz-pJ8-org_nerv_rpgclient_MainJ8,17
urle27f76cced_iconmaster5326_HPPPlus_tgz-pJ8-com_iconmaster_hppplus_HPPPlusJ8,97
urlfd018a75f7_highlanderkev_StockExVirtuoso_tgz-pJ8-driver_Phase4J8,92
urlcbcf8d4d58_vikaleshch_task1_tgz-pJ8-by_epam_christmasgift_main_MainJ8,16
urla05239b71c_viniciusinnovatium_mumps2java_api_tgz-pJ8-com_disclinc_netmanager_script_test_ExecTesteNewJ8,85
url8db16c7d62_Arsaell_EdT_tgz-pJ8-DATA_MainJ8,125
url270fc4f5ee_ykcilborw_Joust_tgz-pJ8-fri_patterns_interpreter_parsergenerator_examples_HowToOverrideLexerImplJ8,133
url835a90ed59_aschi_regularLanguages_tgz-pJ8-ch_zhaw_regularLanguages_evolution_runners_EvolvingLocalDivisable5LanguageJ8,72
url79f898233e_tombrus_jvthundred_tgz-pJ8-com_tombrus_vthundred_test_screen_BorderJ8,114
urlfd6bd5edbe_AntonPoznyak_LogFileGenerator_tgz-pJ8-logfilegen_StartMePleaseJ8,63
url80e7c3d65d_sblit_dcl_tgz-pJ8-org_dclayer_DCLJ8,356
url18cf99526f_anasbenis_MiniProjetMay_tgz-pJ8-test_MainJ8,157
url7315374482_toby1984_3dtest_tgz-pJ8-de_codesourcery_engine_Test3DJ8,43
url6da19b5a7a_krakrak_Adventure_Game_tgz-pJ8-adventure_MainJ8,105
url57668a8619_Datomic_fressian_tgz-pJ8-org_fressian_ExamplesJ8,80
url9ba68db77a_samkio_Dungeonator_tgz-pJ8-net_woopa_dungeon_core_Main2J8,26
urlfc1c29991b_nil_mish_InJava_tgz-pJ8-edu_usc_cs_nsl_indexing_test_TestTrieProtoJ8,23
url5997ccb760_JANNLab_JANNLab_tgz-pJ8-de_jannlab_examples_recurrent_SequentialXorExampleJ8,100
urld58fd5e7a9_longrm_weibo_robot_tgz-pJ8-weibo4j_org_json_TestJ8,77
url6a9f553762_Bresiu_socket_io_tgz-pJ8-MainJ8,141
urle381b6cba7_IkarosKappler_ikrs_http_tgz-pJ8-ikrs_json_rpc_JSONRPCHandlerJ8,208
url2f44efcfa6_wangyudong_sohutw_java_sdk_2_0_tgz-pJ8-com_sohu_t_api_sdk_json_TestJ8,52
urlead5353366_Zeldon_BigData_Class_tgz-pJ8-LocalTestsJ8,111
url054c08669f_jules2689_CSI4124_tgz-pJ8-SMThemeParkExperi3J8,23
url7507f7ef16_Neuro17_jsongkick_tgz-pJ8-jsongkick_AppJ8,18
url5a01f2c1d9_core9_core_tgz-pJ8-io_core9_core_boot_BootstrapFrameworkJ8,175
urlc175f05cb8_mchllbrt_PermCode_tgz-pJ8-permlib_examples_UniversalSeparableJ8,369
url696d9a93c9_liaosiwei_bayesnetwork_tgz-pJ8-tutorial_TutorialJ8,55
urld73c47f3e5_lindenb_dataindexer_tgz-pJ8-test_github_lindenb_dataindexer_SimpleIntegerJ8,52
url28dfd00382_byang223_TurnBAPI_tgz-pJ8-units_upgrades_UpgradeTestJ8,181
url7b90c1010b_DastanIqbal_HelloZMQwithJava_tgz-pJ8-ClientJ8,132
url1cbaffb197_foxking0416_AlgorithmTraining_tgz-pJ8-algorithm_leetcode_MainLeetJ8,36
url86e9087e81_JohnPease_557_HW3_tgz-pJ8-uwm_cs557_Sample4J8,22
url9e019a0ee9_elfrasco_design_principles_tgz-pJ8-ar_com_epidataconsulting_principles_ioc_before_SavePredictiveEngineProjectServiceJ8,92
url89849c8c5b_timmolter_XChart_tgz-pJ8-org_knowm_xchart_standalone_Example1J8,215
url28f181064f_simonjupp_java_skos_api_tgz-pJ8-example_CreateSKOSExampleJ8,149
urlc5fdb179cc_lagodiuk_evo_neural_network_agents_tgz-pJ8-com_lagodiuk_agent_evolution_MainJ8,41
url3c955055f0_dirkzhang_antlr_expressionEngine_tgz-pJ8-expression_DirkExpTestJ8,57
url90b6689baa_adsonrocha_PD321_tgz-pJ8-MyFuzzyLiteClassJ8,96
url97f33aa931_wnr_Othello_tgz-pJ8-kth_game_othello_tournament_MainJ8,56
urlb7d18764c0_steveliles_health_tgz-pJ8-com_sjl_health_SampleConfigurationJ8,111
urleb43757003_Origraena_mas_platform_tgz-pJ8-ori_MainJ8,62
url7f729337e3_timmolter_Sundial_tgz-pJ8-org_knowm_sundial_SampleRunJ8,106
url27a7ae3508_serkan_ozal_ocean_of_memories_tgz-pJ8-com_zeroturnaround_rebellabs_oceanofmemories_article1_objectlayout_ObjectMemoryLayoutDemoJ8,72
url4192078a2f_unsegnor_hipotetizador_tgz-pJ8-hipotetizador_MedirTiemposJ8,44
urld829b80034_wjch111_PTSP2013Wang_tgz-pJ8-controllers_momcts_momctsCore_TestPlannerJ8,104
urlbc3e98d97e_jmhorjus_EFCP_Implementation_tgz-pJ8-UDPConnector_UdpConnectorTestJ8,16
url026791d51b_dhleong_SeriesTracker_v6_tgz-pJ8-stv6_SeriesTrackerJ8,113
url882f91ec97_WenboCao_Microsoft_Drone_tgz-pJ8-org_ejml_alg_dense_decomposition_qr_StabilityQRDecompositionJ8,396
url53f943c5cb_Praznat_AGP_tgz-pJ8-AMath_TestingJ8,495
url400631cdd0_ludaiqian_appliedxml_tgz-pJ8-test_simples_TestJ8,170
url93da129d40_marioskogias_blkin_hadoop_tgz-pJ8-mythrift_MyZipkinThriftJ8,38
urla67b38dd7b_Coolhand2_DnD_AttributeGui_tgz-pJ8-dnd_attributegui_DnDAttributeGuiJ8,63
url2bc31e3489_ramonli_RabbitMQResearch_tgz-pJ8-com_mpos_lottery_te_thirdpartyservice_amqp_protobuf_CancellationMessagePulisherJ8,54
url64d634b8f0_agdturner_generic_tgz-pJ8-uk_ac_leeds_ccg_andyt_generic_visualisation_charts_Generic_BarChartJ8,72
url2892692420_mikaello_inf3110_oblig1_tgz-pJ8-inf3110_oblig1_Inf3110_oblig1J8,40
url86119f019a_solzy_hive_parse_tgz-pJ8-org_apache_hadoop_hive_ql_parse_MainJ8,310
url458e40ff41_mmacfadden_java_baldwin_ga_tgz-pJ8-edu_sdsu_cs652_si_baldwin_SimulationEngineJ8,20
urla42f49a9b2_dpjayasekara_crypthouse_tgz-pJ8-vehiclesc_VehicleSCJ8,29
url1a745d67fc_sobercheg_InterviewTraining_tgz-pJ8-leetcode_oj_Solution2TestJ8,116
url416ee5b4ee_martinmarinov_HonProj_tgz-pJ8-martin_gui_MainJ8,103
url1a41b8e9f2_mr1azl_INF345_tgz-pJ8-TestParserJ8,43
url4913e7683c_pusuo_patchca_tgz-pJ8-org_patchca_demo_PatchcaFilterDemoPNGJ8,52
url29d9f49ba9_frankrefischer_STTRJ_tgz-pJ8-startrekj_STTR1J8,60
url74c52881d6_AndrewBourgeois_JGWCAConstants_tgz-pJ8-be_demmel_fun_jgwcaconstants_Tutorial4J8,45
urlefa3b0a07b_jhngzhu_Database_RelationalOperator_tgz-pJ8-tests_ROTestJ8,25
url2b521cbda7_eobermuhlner_jhuge_tgz-pJ8-ch_obermuhlner_jhuge_example_MeasureHeapJ8,135
url969d1ddca4_compmstr_java_scheme_tgz-pJ8-com_undi_javascheme_JavaSchemeJ8,82
urlac47192b66_ggrandes_bouncer_tgz-pJ8-org_javastack_bouncer_ClusterTestJ8,95
url7f15a160d2_timofei7_old_ai_assignments_tgz-pJ8-org_json_TestJ8,75
url78d0cbe382_TeeAaTeeUu_SitsiPlaseeraus_tgz-pJ8-sitsiplaseeraus_MainJ8,35
urlaf0069908d_AlexanderAndreev_Parking_tgz-pJ8-com_andreev_parking_controller_RunnerJ8,21
url85460dd114_a2800276_event_java_tgz-pJ8-event_CloseSemanticsTestJ8,75
url675964e2b9_pentaho_pentaho_commons_json_tgz-pJ8-org_json_TestJ8,21
url8752fbdeb0_sixtam_args_tgz-pJ8-cz_mff_dpp_args_examples_ConstraintTestJ8,50
urlb57eb64056_jacadenac_ISI_Othello_UN_tgz-pJ8-othello_OthelloJ8,47
url8f84d8d956_klapaukh_JTuttePoly_tgz-pJ8-BitTutteJ8,34
urlb2eb4229f3_pTalanov_SoftwareDesignCourse2013_tgz-pJ8-ru_spbau_talanov_sd_drunkard_SimulationJ8,30
url47fcfc0133_baliosian_tau_fst_tgz-pJ8-uy_edu_fing_mina_fsa_test_old_TestComposition1J8,132
url1f1de5fc71_cooijmanstim_hobo_tgz-pJ8-hobo_TestingEnviromentJ8,84
urlf91495fd27_Rembau_complie_tgz-pJ8-matcher_MatchJ8,23
url49fd521e8b_Kineolyan_JSpec_tgz-pJ8-fw_MainJ8,26
url2698a2c731_cassandra_project_cassandra_stand_alone_tgz-pJ8-eu_cassandra_sim_MySimpleDynamicScenarioSimulationJ8,51
url9ef4af9ae5_stevenreyn_RegionViewer_tgz-pJ8-net_slreynolds_ds_SecondTestJ8,61
url85940d3d8e_ccp999_Expr4j_tgz-pJ8-org_boris_expr_util_ExprEvaluatorJ8,348
urlbf4fd38f68_rduerig_StrategyBDD_tgz-pJ8-com_strategy_util_TestMainJ8,109
url55e48746be_isostorm_RPGame_tgz-pJ8-rpg_MainJ8,32
urld3c7d5e997_dku_rajkumar_java_api_for_amon_tgz-pJ8-org_json_TestJ8,25
url1d5e9d990f_Telsis_jOCP_tgz-pJ8-com_telsis_jocp_sampleApp_BasicOCPAppJ8,91
url9a01f43c15_poragchowdhury_securitygame_tgz-pJ8-securitygame_GameMasterJ8,24
url85e313f409_edugasser_Ascensor_tgz-pJ8-ascensor_MainJ8,6
urlddedf61e88_dwendelen_CG2_1_tgz-pJ8-RendProjectJ8,40
urlcb91e63e47_alexGalushka_E97_Assignment3_tgz-pJ8-cscie97_asn3_test_TestDriverJ8,48
urlff74b96b0d_HugoFeng_HospitalProject_tgz-pJ8-hugo_project_hospital_ProjectTestJ8,53
url9a546dbc59_ojjsaw_448p3_tgz-pJ8-tests_RelOperatorTestJ8,26
url49526af437_Maria_G_CS325_tgz-pJ8-assignments_farmer_FarmerImplJ8,185
urldac7fd8c97_vitalymaryin_unsafe_utils_tgz-pJ8-org_vit_unsafeutils_TcpTestJ8,15
url30d916877f_shylux_shyview_tgz-pJ8-org_json_TestJ8,48
url47087446e9_kellrott_SparqlScape_tgz-pJ8-org_json_TestJ8,41
url5492781e79_florianpilz_Concurrent_Hash_Collision_tgz-pJ8-main_MainJ8,21
url43a0865bb0_kevinjdolan_darwin_tgz-pJ8-tui_DriverJ8,224
url529c09a30c_kianyangchn_DriveNow_tgz-pJ8-drivenow_tests_TestJ8,21
urlc58f2e0b85_xoriole_CEAC_tgz-pJ8-com_sdm_phr_cpabe_CpabeTestJ8,68
url2a908001cd_malictus_klang_tgz-pJ8-malictus_klang_test_PrimitiveTestJ8,144
url80587fc7d5_dennervidal_CloudSim_DVFS_tgz-pJ8-Examples_Dvfs_example_simpleJ8,192
url0d38a10ee7_diegopliebana_GEBT_tgz-pJ8-ch_idsia_scenarios_test_EvolveWithChangingSeedsJ8,313
url7606378bcc_ljy2010a_protobuf2_tgz-pJ8-com_game_gameObj_bufBuilder_ReflectBuilderJ8,70
urlabf490b498_anilasj_skillmonster_tgz-pJ8-org_json_TestJ8,29
url72c32f3c54_Quickhull3d_quickhull3d_tgz-pJ8-com_github_quickhull3d_SimpleExampleJ8,13
url3472127e1f_SergeyKrivohatskiy_tiny_database_tgz-pJ8-ru_spbau_tinydb_bufferManager_IndexTestJ8,116
url78eec0e0b6_Orikuro_vic_tgz-pJ8-net_nexon_vindictus_itemcomparer_inport_StaticImportJ8,51
url4fdf79ae2c_beckchr_juel_tgz-pJ8-de_odysseus_el_samples_xml_sax_XMELFilterJ8,201
url8af84d296f_mrcosta_gantt_generator_tgz-pJ8-org_gantt_generator_mrcpsp_RunJ8,67
urlfcb11f5f67_Orchaldir_FantasyWorldSimulation_tgz-pJ8-fws_worldeditor_WorldEditorJ8,39
url70997c83aa_Xilaew_risiko_tgz-pJ8-risiko_XMI2XMLtransformerJ8,88
urlc8dbc7ce6e_dlubarov_guava_tgz-pJ8-MainJ8,353
urld2fb1d2b05_thnaeff_Util_tgz-pJ8-ch_thn_util_tests_TreeTestJ8,99
url4c27590fbe_Hoten_Java_Delaunay_tgz-pJ8-com_hoten_delaunay_examples_TestDriverJ8,33
urld1e4af3f63_GMIyer_myastro_tgz-pJ8-loader_MatchMakerMainJ8,32
urlce7759b8da_Palachsuper_EBA4_tgz-pJ8-json_TestJ8,41
urlc945a4be7c_dburggie_jatrace_tgz-pJ8-renders_EllipseJ8,62
urld8e41b4f7f_warrenfalk_jbox2dtest_tgz-pJ8-org_jbox2d_testbed_framework_TestbedMainJ8,111
url5c7c5a5b36_taczge_rdf_store_tgz-pJ8-experiment_SATSolverExperimentJ8,66
url9ecf1e8297_nhamidi_ninja_tgz-pJ8-net_fec_openrq_test_TestRunnerJ8,97
urlcf7851e92b_Triploblastic_CSCD350_FinalProject_tgz-pJ8-MazeGame_MazeJ8,68
url7d636e8121_laforge49_JActor2_tgz-pJ8-org_agilewiki_jactor2_core_revisited_EHJ8,316
url04f7fcf4e1_peteratt_HDFS_Replication_Simulator_tgz-pJ8-hdfs_replicationsimulator_MainJ8,26
url913d8566d1_AnsBalin_rbn_tgz-pJ8-MainJ8,10
urld499b6e5aa_HatlessFox_StPatrickSimulation_tgz-pJ8-ru_spbau_sd_MainJ8,43
url64b10c0106_schlabberdog_blocks_tgz-pJ8-com_github_users_schlabberdog_blocks_ui_CliUIJ8,51
url10fb6bd43e_guwere_P2PSearch_tgz-pJ8-MainJ8,21
urlcc19a18863_born2snipe_Programming_Game_AI_tgz-pJ8-ch2_msg_MiningTestJ8,62
url8867e6a4e2_cyberpython_JAwesomeChart_tgz-pJ8-com_gmigdos_jawesomechart_renderers_twodimensional_horizontal_ColumnChartRendererJ8,22
url75694980d5_fabioalmeid_tp01ftc_tgz-pJ8-agentes_jade_Centralizador_ExemploParserGramaticaCentralizadorJ8,338
url2114d537a2_ForNeVeR_lanterna_tgz-pJ8-com_googlecode_lanterna_test_gui_DifferentKindsOfListBoxesTestJ8,207
urlaf1bd0a8c7_RoboCafaz_RummyJ_tgz-pJ8-rummyj_BFJ8,25
url8df97b3310_dbathon_nurikabe_java_tgz-pJ8-dbathon_nurikabe_MainBenchJ8,24
url542ae48576_tonyheadford_m68k_tgz-pJ8-m68k_MonitorJ8,348
urldee901fae6_DocX_personal_timetabling_tgz-pJ8-net_personaltt_main_BenchmarkJ8,82
urlc98c3b97d2_Trimax_venta_tgz-pJ8-com_gesoftware_venta_structures_map_MapTestJ8,197
urle514e161fe_pericodiaz89_NextGen_tgz-pJ8-lib_json_TestJ8,74
url2df0f7c811_przemekgalazka_legacycode_tgz-pJ8-pl_cc_core_cmd_CommandJ8,137
url6be695d833_nikoloz_pachuashvili_Patterneria_tgz-pJ8-org_patterneria_MainJ8,50
url748e34f967_Diab1o_java_7z_archiver_tgz-pJ8-com_swemel_sevenzip_TestJ8,36
urlc58b5c5b73_emiliano_fiuba_2013_2c_7510_tgz-pJ8-test_java_FrameworkTestsJ8,34
url0d084b4168_zhourui392_BaiduPicDown_tgz-pJ8-org_json_TestJ8,27
url2b9f720f64_jfimbett_QBnB_tgz-pJ8-tests_TestJ8,18
url647b55da7c_Nikhilkumar13_emuSr_tgz-pJ8-MainJ8,142
url24d793285d_auzll_gengweibo_tgz-pJ8-org_json_TestJ8,81
url3ed4973106_kosmasK_RecordPlayer_tgz-pJ8-es_uc3m_recordplayer_test_TestJ8,54
urlb54e207112_Ghuillaume_CSA_tgz-pJ8-M0_ApplicationJ8,63
url47ebb27197_asirbu_CorrectiveEvolution_tgz-pJ8-eu_fbk_soa_evolution_engine_impl_test_ProblemToSMVFuncTestJ8,113
url863d2ab553_themadcreator_delaunay_tgz-pJ8-org_delaunay_PoissonDiscSamplesDemoJ8,75
url82787aa7a4_vrthra_v_language_tgz-pJ8-v_VJ8,105
url27db8982cd_leohinterlang_argFace_tgz-pJ8-com_fidelis_argface_ArgSampleJ8,44
urlac20d257ff_zhongdj_Madz_Stochastic_tgz-pJ8-net_madz_test_stochastic_core_impl_DynamicDemoJ8,78
url41e0dd6de9_jakaldama_pipeline_simulator_tgz-pJ8-PipelineSimulatorJ8,5
url47fb0718db_dopl_bytecast_interp_tgz-pJ8-edu_syr_bytecast_interp_amd64_AMD64ExecutionEngineJ8,40
url3aa01d34ec_katsuster_ememu_tgz-pJ8-net_katsuster_ememu_ui_MainJ8,132
url088e9d87be_jpush_jpush_java_library_tgz-pJ8-cn_jpush_example_JPushClientExampleJ8,26
urlc1c8a2efc1_wydler_mdbt_tgz-pJ8-de_hrw_mdbt_CRSJ8,26
url0307c0e995_js_labs_js_collider_tgz-pJ8-org_jsl_tests_shmem_throughput_MainJ8,267
url7895f5cfa7_edm92_defaultlogic_tgz-pJ8-be_fnord_DefaultLogic_AppJ8,16
url8be3f02398_vnamboo_LearnJava_tgz-pJ8-org_json_TestJ8,113
url147ce07ebe_JoshuaKissoon_Kademlia_tgz-pJ8-kademlia_simulations_RoutingTableStateTestingJ8,84
url146c819f25_jlink_Parse4SJM_tgz-pJ8-sjm_examples_book_robot_ShowRobotRefactoredJ8,421
urldf54784279_tonyj321_Root_Play_tgz-pJ8-hep_io_root_output_demo_HistogramDemoJ8,68
url9512d8fa89_bdkosher_card_games_tgz-pJ8-org_washcom_cardgames_battleroyale_BattleRoyaleGameSimulatorJ8,62
urlbd77b745af_KokaKiwi_MCLauncher_tgz-pJ8-net_contrapunctus_lzma_BenchmarkJ8,112
url79d4f7c7ed_schanq_Live_Algorithm_tgz-pJ8-algorithms_and_systems_AI_Evolutionary_GeneticAlgorithmJ8,21
url71665d7d68_branscha_lib_scripty_tgz-pJ8-com_sdicons_scripty_ScriptyAutoReplJ8,208
url73605095e9_mp1401_misterx_tgz-pJ8-mp1401_examples_misterx_demo_shell_ShellDemoJ8,76
url74b2be4e76_gurbano_petulant_octo_sudoku_tgz-pJ8-test_testJ8,42
urlb44e9843ba_QuasimodoNZ_SWEN222_Game_Project_tgz-pJ8-Game_World_GameWorldLevelBuilderJ8,110
url8551e9ebc1_mishika05_Salesforce_DataGen_tgz-pJ8-org_json_TestJ8,35
url4e79c36700_JacenLakiir_Tivoo_tgz-pJ8-MainJ8,103
url21b471891f_Agetac_Model_tgz-pJ8-org_json_TestJ8,57
urld44fdf4fee_nadilsons_reflection_dsl_tgz-pJ8-br_com_bit_ideias_reflection_SimplePerformanceTestJ8,110
url8e6440c8aa_robdimsdale_project_euler_tgz-pJ8-com_rmd_personal_projecteuler_MainJ8,112
urlaeeaf948fe_smcpeak_ded_tgz-pJ8-ded_model_SerializationTestsJ8,163
url70ed135da7_ralfbiedert_jcores_tgz-pJ8-sandbox_SimpleFilterTestJ8,454
url4c41254592_topskychen_AuthTopk_tgz-pJ8-quickhull3d_QuickHull3DTestJ8,172
url00509339cf_tedwon_scribe_log4j_appender_tgz-pJ8-com_realtimecep_scribe_ScribeJavaServerJ8,220
urla39b63eb76_tef_pipeline_tgz-pJ8-org_twentygototen_pipeline_ExampleJ8,57
url11fb0973cf_raichuman9_Swimmer526_tgz-pJ8-fr_inria_optimization_cmaes_examples_CMAExample1J8,241
url8556430df5_saulguillermo_agapi_tgz-pJ8-agapi_impl_ejemplos_IndividuoCombinatorioEjemploJ8,24
url3426a97ee4_rtreffer_minidns_tgz-pJ8-de_measite_minidns_minidnsrepl_MiniDnsReplJ8,186
url0bbb975254_maxime_collin_mediatheque_tgz-pJ8-test_MainJ8,29
url933dd5727b_AppleLiang_Testing_Project_tgz-pJ8-org_joda_time_chrono_gj_MainTestJ8,274
url56b1dc76d3_wufunxiang_Libs_tgz-pJ8-org_msgpack_util_TemplatePrecompilerJ8,191
url433bec1e56_sarobe_DifficultyInvestigation_tgz-pJ8-fr_inria_optimization_cmaes_examples_CMAExample1J8,120
urlaf656038a0_Salihan04_MOBLIMA_tgz-pJ8-com_moblima_util_dataTestJ8,82
url78117c6033_BrianMoths_LittleManManager_tgz-pJ8-littlemangame_LittleManGameJ8,205
url7a69e77641_benmouh_MySgbd_tgz-pJ8-Demo_CheckRowNumJ8,46
urla134d66615_fikr4n_itl_java_tgz-pJ8-example_ExampleJ8,26
urlcdab7d8364_jrwalsh_CycTools_tgz-pJ8-edu_iastate_cyctools_MainJ8,105
urla958522fc1_spirosikmd_inmdsy_08_tgz-pJ8-TesterAppJ8,88
url4aac7e6f55_simon0191_tetris3d_tgz-pJ8-Tetris3dJ8,99
url354ce1a2d1_dagaren_gladiator_chess_tgz-pJ8-es_dagaren_gladiator_main_MainJ8,59
urlc3ca8aa24b_davidsan_rivercityransom_tgz-pJ8-rivercityransom_dirtytests_GangsterTestMainJ8,139
url49584c1d41_Arrem_GGS_tgz-pJ8-com_gamezgalaxy_test_console_MainJ8,170
url5583f3dbb2_XOR19_XScript_tgz-pJ8-xscript_interactive_MainJ8,308
urlaa051fbd3d_WheezePuppet_collegeDiversity_tgz-pJ8-edu_umw_cpsc_collegediversity_SimJ8,20
url5e6a51063b_nuigroup_hci_for_java_tgz-pJ8-nui_squirt_demo_DemoSquirtApplicationJ8,49
urlfb310a588a_alokhan_LinkStateNetworkSimulation_tgz-pJ8-reso_examples_static_routing_DemoJ8,86
url0980c8326f_TobiasScharnowski_Chess_tgz-pJ8-chess_StartJ8,36
url294e6c45f3_Ecdosis_NMergeNew_tgz-pJ8-TestJ8,102
urlc4364d0d12_ahmedelmorsy_cafetria_simulation_tgz-pJ8-main_MainJ8,30
url29ecd5d728_geodb_db3dcore_tgz-pJ8-de_uos_igf_db3d_dbms_model3d_SegmentNetBuilderJ8,176
url4b562c5cef_benos_9k_Initial3D_Stage1_tgz-pJ8-nz_net_initial3d_test_TestJ8,64
url20b0f880a5_jgraph_legacy_jgraph5_tgz-pJ8-org_jgraph_example_HelloWorldJ8,532
url3f8d6440dd_huiwq1990_CognativeModel_tgz-pJ8-clarion_samples_HelloWorldJ8,127
urlb534bf3fca_akademi4eg_aka_uvc_tgz-pJ8-net_dtkanov_blocks_core_AppCoreJ8,52
url29ff2e53f3_nicolas3470_Settlers_of_Catan_AI_tgz-pJ8-robotGameJ8,253
urla5230a98e3_Dhana_Krishnasamy_InMemoryJMS_tgz-pJ8-com_dhana_broker_demo_AppJ8,118
urlfcc351a1ba_kuntapavankumar_Z_tgz-pJ8-edu_concordia_dpis_ReplicaTestJ8,79
url2d0aeba8a7_kobantser_Calculator_tgz-pJ8-com_teamdev_students_calculator_impl_StateMachineCalculatorJ8,60
url594c007908_hugobraga_College_tgz-pJ8-main_GraphJ8,24
url888b6fd9b4_jmacglashan_commandsToTasks_tgz-pJ8-commands_tests_Model3TestsJ8,163
url8c14fd53ee_luca89_itaco_tgz-pJ8-main_RunnerJ8,160
url5681492665_ArgParser_Java_ArgParser_tgz-pJ8-org_argparser_ArgParserTestJ8,14
url9582d546a9_twentylemon_sudoku_generator_tgz-pJ8-sudoku_Top95J8,40
urlcaef331f4e_dreamable_cra_tgz-pJ8-coho_lp_project_LPProjectJ8,309
url633772aa30_isma3l_Tp2_tgz-pJ8-ar_fiuba_tecnicas_framework_Pruebas_Casos1_MainJ8,41
url7f43a4752f_shalynnho_pokemonfactory_tgz-pJ8-Networking_ServerJ8,232
url8417b1b213_Ratchette_Rummikub_tgz-pJ8-rummikub_RummikubJ8,13
urld856362767_hpdcj_PCJ_tgz-pJ8-org_pcj_test_StorageExampleMainJ8,124
url2b4a2d655b_Yehonal_unisa_prog2_jdm_tgz-pJ8-com_jdeals_tests_TestUserBuyingJ8,150
url60801aaae5_yurgenbeerman_JavaOOP_with_Maven_tgz-pJ8-edu_services_PublicServiceDemoJ8,88
url8b434243b7_ondrasej_GPlan_tgz-pJ8-PlanningProblemTestJ8,26
url632301a43b_octomarat_Drunkard_tgz-pJ8-ru_drunkard_game_DrunkardTheGameJ8,36
urlb090c33e5e_vikrambindal_mongodb_tgz-pJ8-vikram_demo_main_BlogDemoMainJ8,10
url80e39b1957_tobikster_IJN_headers_recognition_tgz-pJ8-org_maltparser_examples_CreatePhraseStructureGraphJ8,350
